Dietary_Type,1,2,3,4
Omnivore,0.9009009009009009,0.0,63.06306306306306,36.03603603603604
Vegan,15.813305468477882,4.876349703935911,25.00870776732846,54.30163706025775
Vegetarian,8.376623376623376,4.415584415584416,19.805194805194805,67.4025974025974
