Dietary_Type,energy_kcal,fat_100g,sugars_100g,proteins_100g,fiber_100g,salt_100g
Vegan,282.88127278708157,13.040234010292684,10.472642805045636,6.980622488070578,2711287545.525004,1.0172903984200636
Vegetarian,345.5514754175045,21.174150474581435,15.548328205572203,7.153072094938249,2.980673366834171,0.7408966686374276
Omnivore,185.02972972972972,10.316459459459459,2.027435185185185,15.028018018018017,0.9936060606060606,1.366702836363635
