Dietary_Type,Green but Not Healthy,Healthy but Not Green,Lose-Lose (Unhealthy + Polluting),Win-Win (Healthy + Green)
Omnivore,2.2222222222222223,77.77777777777779,13.333333333333334,6.666666666666667
Vegan,17.61557177615572,22.676399026763992,14.695863746958636,45.01216545012166
Vegetarian,12.73983115886416,14.19800460475825,49.73138910207214,23.330775134305448
